1654667607,2026/01/07 11:08:05.367941,ask,BTC/USDT,9584.97,0.1,BTC:10.000000
1654667607,2026/01/07 11:08:05.367941,bid,BTC/USDT,9499.53,0.1,BTC:10.000000
1654667607,2026/01/07 11:08:05.367941,ask,BTC/USDT,9604.1,0.2,BTC:10.000000
1654667607,2026/01/07 11:08:05.367941,bid,BTC/USDT,9480.49,0.2,BTC:10.000000
1654667607,2026/01/07 11:08:05.367941,ask,BTC/USDT,9623.23,0.3,BTC:10.000000
1654667607,2026/01/07 11:08:05.367941,bid,BTC/USDT,9461.45,0.3,BTC:10.000000
1654667607,2026/01/07 11:08:05.367941,ask,BTC/USDT,9642.36,0.4,BTC:10.000000
1654667607,2026/01/07 11:08:05.367941,bid,BTC/USDT,9442.41,0.4,BTC:10.000000
1654667607,2026/01/07 11:08:05.367941,ask,BTC/USDT,9661.49,0.5,BTC:10.000000
1654667607,2026/01/07 11:08:05.367941,bid,BTC/USDT,9423.38,0.5,BTC:10.000000
1654667607,2026/01/07 11:08:05.367941,ask,DOGE/BTC,5.1603e-07,0.1,BTC:10.000000
1654667607,2026/01/07 11:08:05.367941,bid,DOGE/BTC,1.3473e-07,0.1,BTC:10.000000
1654667607,2026/01/07 11:08:05.367941,ask,DOGE/BTC,5.1706e-07,0.2,BTC:10.000000
1654667607,2026/01/07 11:08:05.367941,bid,DOGE/BTC,1.3446e-07,0.2,BTC:10.000000
1654667607,2026/01/07 11:08:05.367941,ask,DOGE/BTC,5.1809e-07,0.3,BTC:10.000000
1654667607,2026/01/07 11:08:05.367941,bid,DOGE/BTC,1.3419e-07,0.3,BTC:10.000000
1654667607,2026/01/07 11:08:05.367941,ask,DOGE/BTC,5.1912e-07,0.4,BTC:10.000000
1654667607,2026/01/07 11:08:05.367941,bid,DOGE/BTC,1.3392e-07,0.4,BTC:10.000000
1654667607,2020/06/01 11:57:30.328127,withdraw,BTC,0,2,BTC:8.000000
8552079762,2026/01/07 11:29:02.308967,ask,BTC/USDT,9584.97,0.1,BTC:10.000000
8552079762,2026/01/07 11:29:02.308967,bid,BTC/USDT,9499.53,0.1,BTC:10.000000
8552079762,2026/01/07 11:29:02.308967,ask,BTC/USDT,9604.1,0.2,BTC:10.000000
8552079762,2026/01/07 11:29:02.308967,bid,BTC/USDT,9480.49,0.2,BTC:10.000000
8552079762,2026/01/07 11:29:02.308967,ask,BTC/USDT,9623.23,0.3,BTC:10.000000
8552079762,2026/01/07 11:29:02.308967,bid,BTC/USDT,9461.45,0.3,BTC:10.000000
8552079762,2026/01/07 11:29:02.308967,ask,BTC/USDT,9642.36,0.4,BTC:10.000000
8552079762,2026/01/07 11:29:02.308967,bid,BTC/USDT,9442.41,0.4,BTC:10.000000
8552079762,2026/01/07 11:29:02.308967,ask,BTC/USDT,9661.49,0.5,BTC:10.000000
8552079762,2026/01/07 11:29:02.308967,bid,BTC/USDT,9423.38,0.5,BTC:10.000000
8552079762,2026/01/07 11:29:02.308967,ask,DOGE/BTC,5.1603e-07,0.1,BTC:10.000000
8552079762,2026/01/07 11:29:02.308967,bid,DOGE/BTC,1.3473e-07,0.1,BTC:10.000000
8552079762,2026/01/07 11:29:02.308967,ask,DOGE/BTC,5.1706e-07,0.2,BTC:10.000000
8552079762,2026/01/07 11:29:02.308967,bid,DOGE/BTC,1.3446e-07,0.2,BTC:10.000000
8552079762,2026/01/07 11:29:02.308967,ask,DOGE/BTC,5.1809e-07,0.3,BTC:10.000000
8552079762,2026/01/07 11:29:02.308967,bid,DOGE/BTC,1.3419e-07,0.3,BTC:10.000000
8552079762,2026/01/07 11:29:02.308967,ask,DOGE/BTC,5.1912e-07,0.4,BTC:10.000000
8552079762,2026/01/07 11:29:02.308967,bid,DOGE/BTC,1.3392e-07,0.4,BTC:10.000000
8552079762,2026/01/07 11:29:02.308967,ask,DOGE/BTC,5.2015e-07,0.5,BTC:10.000000
8552079762,2026/01/07 11:29:02.308967,bid,DOGE/BTC,1.3365e-07,0.5,BTC:10.000000
8552079762,2026/01/07 11:29:02.308967,ask,DOGE/USDT,0.00267298,0.1,BTC:10.000000
8552079762,2026/01/07 11:29:02.308967,bid,DOGE/USDT,0.00248666,0.1,BTC:10.000000
8552079762,2026/01/07 11:29:02.308967,ask,DOGE/USDT,0.00267832,0.2,BTC:10.000000
8552079762,2026/01/07 11:29:02.308967,bid,DOGE/USDT,0.00248167,0.2,BTC:10.000000
8552079762,2026/01/07 11:29:02.308967,ask,DOGE/USDT,0.00268365,0.3,BTC:10.000000
8552079762,2026/01/07 11:29:02.308967,bid,DOGE/USDT,0.00247669,0.3,BTC:10.000000
8552079762,2026/01/07 11:29:02.308967,ask,DOGE/USDT,0.00268899,0.4,BTC:10.000000
8552079762,2026/01/07 11:29:02.308967,bid,DOGE/USDT,0.00247171,0.4,BTC:10.000000
8552079762,2026/01/07 11:29:02.308967,ask,DOGE/USDT,0.00269432,0.5,BTC:10.000000
8552079762,2026/01/07 11:29:02.308967,bid,DOGE/USDT,0.00246672,0.5,BTC:10.000000
8552079762,2026/01/07 11:29:02.308967,ask,ETH/BTC,0.0250421,0.1,BTC:10.000000
8552079762,2026/01/07 11:29:02.308967,bid,ETH/BTC,0.0246475,0.1,BTC:10.000000
8552079762,2026/01/07 11:29:02.308967,ask,ETH/BTC,0.0250921,0.2,BTC:10.000000
8552079762,2026/01/07 11:29:02.308967,bid,ETH/BTC,0.0245981,0.2,BTC:10.000000
8552079762,2026/01/07 11:29:02.308967,ask,ETH/BTC,0.0251421,0.3,BTC:10.000000
8552079762,2026/01/07 11:29:02.308967,bid,ETH/BTC,0.0245487,0.3,BTC:10.000000
8552079762,2026/01/07 11:29:02.308967,ask,ETH/BTC,0.025192,0.4,BTC:10.000000
8552079762,2026/01/07 11:29:02.308967,bid,ETH/BTC,0.0244993,0.4,BTC:10.000000
8552079762,2026/01/07 11:29:02.308967,ask,ETH/BTC,0.025242,0.5,BTC:10.000000
8552079762,2026/01/07 11:29:02.308967,bid,ETH/BTC,0.0244499,0.5,BTC:10.000000
8552079762,2026/01/07 11:29:02.308967,ask,ETH/USDT,238.951,0.1,BTC:10.000000
8552079762,2026/01/07 11:29:02.308967,bid,ETH/USDT,234.857,0.1,BTC:10.000000
8552079762,2026/01/07 11:29:02.308967,ask,ETH/USDT,239.427,0.2,BTC:10.000000
8552079762,2026/01/07 11:29:02.308967,bid,ETH/USDT,234.387,0.2,BTC:10.000000
8552079762,2026/01/07 11:29:02.308967,ask,ETH/USDT,239.904,0.3,BTC:10.000000
8552079762,2026/01/07 11:29:02.308967,bid,ETH/USDT,233.916,0.3,BTC:10.000000
8552079762,2026/01/07 11:29:02.308967,ask,ETH/USDT,240.381,0.4,BTC:10.000000
8552079762,2026/01/07 11:29:02.308967,bid,ETH/USDT,233.445,0.4,BTC:10.000000
8552079762,2026/01/07 11:29:02.308967,ask,ETH/USDT,240.858,0.5,BTC:10.000000
8552079762,2026/01/07 11:29:02.308967,bid,ETH/USDT,232.975,0.5,BTC:10.000000
1654667607,2020/06/01 11:57:30.328127,withdraw,BTC,0,2,BTC:6.000000
1654667607,2020/06/01 11:57:30.328127,withdraw,BTC,0,2,BTC:4.000000
